Name,Age
Ava Jackson,40
William Brown,12
John Doe,27
Sophia Brown,75
Jane Smith,71
Ava Taylor,43
John Davis,3
Olivia Doe,71
Jane Johnson,4
Olivia Taylor,48
William Jackson,34
Daniel Johnson,55
William Jackson,84
Olivia Martin,3
Michael Jackson,22
Daniel White,27
Sophia Martin,45
John Smith,92
John Johnson,65
Michael Martin,44
Bob Davis,50
William Brown,70
William Johnson,25
Emily Smith,11
Ava Brown,68
Olivia Martin,77
Emily Davis,85
Daniel Smith,8
Olivia Jackson,33
Emily Martin,35
William Martin,84
Jane Doe,94
Bob Smith,41
William Jackson,54
Michael White,41
Daniel Doe,21
Bob Doe,40
Michael Anderson,81
Emily Martin,50
William White,53
Ava White,69
Michael White,41
Daniel Martin,16
Emily Taylor,37
Bob Martin,69
Michael Johnson,10
Emily Jackson,96
John Jackson,63
Michael Johnson,89
Ava Johnson,43
Ava Davis,92
William White,52
Emily Jackson,38
John White,35
Michael Davis,2
Sophia Johnson,67
Olivia Martin,97
Emily Anderson,86
William Anderson,88
William Doe,35
Bob Brown,40
Jane Brown,60
Daniel Martin,66
Bob Anderson,71
William Jackson,90
Ava Jackson,50
William White,2
Michael Martin,10
Sophia Anderson,10
Olivia Martin,89
Daniel Davis,22
Jane Smith,95
Jane Brown,30
John Martin,81
Jane Jackson,59
John Jackson,7
John Brown,56
Ava Brown,29
John Brown,64
Emily Smith,77
Sophia Taylor,37
Sophia Smith,48
Olivia Doe,91
Bob Johnson,88
Daniel White,96
Jane Taylor,26
Jane Davis,82
Emily Taylor,95
Olivia Martin,31
Michael Johnson,97
Daniel Jackson,6
Jane Doe,3
Emily Davis,73
William Johnson,76
Emily Taylor,14
Daniel Brown,73
Olivia Martin,33
Michael Smith,71
William White,69
John Anderson,11
Michael Jackson,13
William Smith,89
John Davis,43
Olivia Jackson,57
Michael Brown,40
William Martin,56
Jane Smith,43
Olivia Smith,70
Jane Martin,92
Emily Jackson,27
Daniel Jackson,68
Michael Doe,76
Emily Taylor,67
Emily Jackson,80
Olivia Jackson,75
Bob Jackson,14
Bob Anderson,77
Sophia White,34
John Taylor,89
John Doe,100
Sophia Brown,82
Bob Davis,42
Daniel Taylor,80
Daniel Brown,10
Sophia Anderson,85
Daniel Johnson,69
Daniel Brown,41
Sophia Martin,47
Ava Jackson,19
Emily Johnson,49
Daniel White,69
Jane Anderson,33
Sophia Doe,4
John Smith,31
Jane Jackson,52
Michael Taylor,63
Bob Smith,87
Olivia Brown,7
Michael Jackson,95
Ava Anderson,44
Daniel Martin,86
John Brown,37
Emily Taylor,27
John Doe,11
Daniel Smith,84
Olivia Anderson,8
Jane Doe,55
Ava Doe,16
Sophia Brown,79
Sophia Smith,44
Emily Taylor,36
Michael White,24
Olivia Martin,92
Emily Martin,94
John Smith,42
Jane Brown,49
Daniel Anderson,54
Bob Smith,35
Michael Doe,59
Daniel Johnson,21
Olivia Jackson,60
Emily Martin,52
Olivia White,84
John Smith,3
Ava Doe,88
Sophia Davis,38
Jane Doe,46
Daniel Brown,24
Michael Davis,14
John Smith,32
Emily White,77
Michael Smith,19
Sophia Brown,53
Bob Johnson,71
Ava Martin,15
Michael Doe,20
Michael Doe,98
Ava Martin,69
Sophia Davis,59
Emily White,18
Daniel Brown,55
Michael Johnson,76
Emily Martin,4
William Smith,72
William Doe,88
Daniel Johnson,20
Emily Jackson,33
Daniel White,19
Michael Doe,9
Emily Taylor,73
John Brown,1
John Smith,93
Daniel Brown,79
Bob Johnson,29
Jane Doe,51
Emily Anderson,24
Sophia Smith,3
Daniel Brown,50
Bob Jackson,84
Sophia Johnson,4
William Taylor,77
Jane Jackson,94
Jane Brown,68
John Smith,92
William Jackson,1
William Johnson,22
Michael Davis,22
Ava Taylor,75
Bob Jackson,22
Michael Johnson,32
Bob Jackson,32
Sophia White,41
Ava Smith,92
Sophia Doe,26
Bob Smith,17
Emily Martin,33
Sophia Taylor,25
Bob Doe,70
Michael Johnson,62
Emily Brown,56
Bob Martin,5
William Anderson,76
William Davis,48
Ava Smith,2
Ava Smith,35
Michael Martin,3
Daniel Johnson,68
Michael Davis,39
Bob Johnson,87
Sophia Brown,37
William Doe,82
Emily White,89
William Doe,18
Sophia Martin,45
Jane Jackson,72
Emily Martin,94
Bob Davis,66
Ava Davis,47
William Martin,32
William Johnson,56
John Davis,42
Bob Davis,24
Emily Smith,52
Jane Doe,34
William Smith,22
William Jackson,99
Daniel Smith,15
William Smith,15
Bob Anderson,44
Michael Doe,55
Sophia Jackson,21
Daniel Martin,12
John Anderson,49
Olivia Davis,58
Bob Martin,31
John Taylor,45
Bob Davis,47
Jane Jackson,37
Bob Anderson,85
Daniel Brown,36
John White,45
Michael Johnson,77
Emily Brown,12
Olivia Smith,50
Olivia Doe,78
Sophia White,21
Emily Anderson,57
Sophia Johnson,15
Sophia Jackson,65
Sophia Brown,22
Michael Anderson,75
John Smith,81
Bob Brown,72
Daniel Smith,68
Jane Martin,36
Bob Martin,6
Bob Jackson,1
Emily Anderson,27
Olivia Taylor,24
Jane Smith,43
Michael Brown,55
Olivia Anderson,94
Emily Davis,45
Daniel Doe,43
Olivia Davis,15
Daniel Davis,46
Emily White,69
Sophia Brown,59
Bob Taylor,12
Ava Doe,74
Ava Taylor,15
John Taylor,29
John Jackson,10
Daniel Anderson,1
Olivia Davis,1
Bob Taylor,48
Jane Brown,59
John Taylor,31
William Anderson,80
Daniel Smith,74
Jane Doe,42
John Davis,70
Emily Martin,23
Olivia Brown,97
Daniel Davis,81
John Martin,99
William Johnson,67
Ava White,73
Sophia Doe,38
Olivia Anderson,83
Jane Jackson,37
William Johnson,93
William Martin,88
Bob Johnson,44
Jane Jackson,86
Emily White,28
William Anderson,47
Olivia Doe,11
Daniel Anderson,50
Ava Smith,12
Emily Doe,57
Bob Davis,40
Ava White,96
Daniel Brown,75
Jane Smith,99
Daniel Martin,80
Michael Smith,80
Daniel Anderson,72
Ava Taylor,88
Jane Brown,98
Daniel White,42
Ava Davis,82
Michael Jackson,37
Olivia Martin,19
Ava Smith,70
Olivia Taylor,29
Michael Doe,99
John Jackson,73
Jane Doe,53
Michael Johnson,69
William Anderson,25
William Smith,19
Daniel Johnson,41
John Doe,63
Jane White,27
Ava Doe,56
Olivia White,56
Jane Taylor,57
Ava Taylor,72
Sophia Martin,55
Bob White,13
William White,45
William Jackson,18
Olivia Brown,74
Sophia Smith,56
Sophia Davis,80
Olivia Johnson,49
John Johnson,1
Olivia Anderson,18
Emily Martin,69
Jane Johnson,12
Daniel Taylor,84
Daniel Taylor,91
Emily Smith,18
Bob White,14
Sophia Brown,71
John Doe,58
John Smith,13
Olivia Doe,73
William Davis,63
John Jackson,20
John Taylor,25
Emily Brown,59
Bob Taylor,69
Olivia Johnson,18
Bob Brown,96
Emily Jackson,82
Michael Smith,25
John Anderson,93
Michael Anderson,52
Olivia Anderson,65
Olivia White,52
Daniel Jackson,90
Michael Doe,40
John Doe,28
Olivia Jackson,8
Ava Johnson,69
Olivia Taylor,88
Bob Jackson,22
Daniel White,54
Bob Anderson,86
Emily Davis,58
Sophia Brown,92
John Brown,52
Emily Martin,68
Emily Johnson,54
Jane Anderson,59
Emily Johnson,24
Bob Doe,74
William Martin,1
Sophia Smith,81
Emily Anderson,28
Olivia Anderson,94
Emily White,99
Sophia Brown,29
Sophia Davis,87
Emily Smith,71
Ava Doe,82
Olivia Brown,98
Sophia White,16
John Smith,58
Daniel Davis,92
Sophia Brown,18
Emily Smith,14
Jane Brown,11
Jane Johnson,87
John Jackson,18
Jane Jackson,70
Daniel Brown,57
Bob Brown,48
John Taylor,63
Ava Jackson,1
Jane Davis,53
Michael Anderson,4
Olivia Anderson,92
Jane Davis,36
Emily Davis,46
Jane Anderson,62
Daniel Smith,22
Sophia Jackson,44
Sophia Taylor,40
Jane Smith,53
John Smith,67
Bob White,61
William Martin,88
Ava Doe,14
Michael Smith,100
Sophia White,48
Daniel Johnson,99
Emily Jackson,100
John Brown,53
Emily Smith,63
Emily Doe,56
Olivia Taylor,59
Emily Doe,36
Ava Taylor,14
Sophia Taylor,44
Sophia Davis,89
Daniel White,38
Daniel Smith,26
Jane Doe,58
Emily Davis,6
William Martin,36
Sophia Davis,89
Jane Brown,17
Olivia Smith,46
Michael Johnson,76
Emily Martin,63
Bob Doe,74
Ava Davis,47
Olivia Jackson,24
Olivia Taylor,21
Ava Brown,15
Emily Jackson,26
Ava Martin,75
Jane Smith,90
Daniel Davis,58
John Doe,47
William Doe,41
Sophia Martin,70
William Taylor,6
Jane Martin,84
Bob Taylor,97
William Johnson,30
Bob White,97
Jane Brown,7
Ava Brown,13
Ava Taylor,7
Bob Davis,72
Olivia Martin,86
Michael Davis,57
Ava Davis,91
Ava Taylor,5
John Anderson,54
William Davis,46
Daniel Jackson,79
Ava Brown,23
Ava Brown,86
Jane Doe,96
John Johnson,12
Bob Martin,56
William White,6
Emily White,91
Michael Johnson,34
Ava Martin,52
Michael Brown,65
Michael Johnson,75
Michael Brown,35
Olivia Davis,25
Bob Davis,5
Daniel Anderson,74
Jane Martin,56
Olivia Johnson,22
Michael Davis,27
William Johnson,94
Michael Jackson,68
William Martin,95
Jane Johnson,7
John Smith,64
Ava Anderson,24
Jane Anderson,66
Sophia Johnson,66
Michael Taylor,45
John Martin,44
Emily White,26
Emily White,17
Daniel Anderson,64
Ava Taylor,67
Michael Martin,17
Ava Smith,56
John Doe,7
Olivia Doe,47
Bob Martin,11
Emily Taylor,35
Jane Johnson,65
Daniel Smith,31
Jane Johnson,15
Ava Anderson,13
Olivia White,12
Olivia Doe,39
Ava White,51
William Jackson,56
John Johnson,75
Daniel Taylor,39
Bob Taylor,64
Sophia Taylor,40
Ava Taylor,99
Daniel White,4
Emily Martin,34
Bob Johnson,63
Daniel Smith,56
Bob Davis,89
William Doe,52
Jane Johnson,5
Jane Johnson,9
Sophia Doe,43
John Johnson,32
William Johnson,62
Sophia White,69
Daniel Anderson,12
John Smith,8
Sophia Anderson,61
William Anderson,79
Michael Anderson,95
Bob Smith,7
Bob White,81
John Doe,20
Ava Doe,96
Daniel Taylor,34
Bob Taylor,89
William Brown,4
Sophia Doe,40
Emily Johnson,51
John Davis,12
William Taylor,23
Jane Johnson,55
Daniel Davis,50
William Davis,11
William Doe,89
Emily Brown,10
John Taylor,58
Emily Brown,75
Daniel White,39
Jane Smith,37
Sophia Taylor,66
William Brown,54
William Davis,51
William Johnson,62
Emily Davis,60
Sophia Johnson,47
William White,25
William Smith,99
Olivia Anderson,81
Bob Taylor,86
Olivia Brown,86
Ava Davis,77
Jane Doe,10
Jane Johnson,10
Michael Smith,94
William Smith,10
Sophia Jackson,4
Olivia Smith,51
Jane Doe,67
Olivia Brown,97
William Brown,60
John Taylor,59
Daniel Doe,15
Bob Martin,68
Bob Brown,94
Olivia Doe,18
Michael Jackson,71
William White,1
Olivia Jackson,2
William White,72
Bob Davis,90
Bob Jackson,78
John Smith,32
William White,71
John Doe,8
Ava White,95
Bob Martin,89
Olivia Smith,3
Jane Davis,74
Michael Jackson,95
William Doe,12
Daniel Taylor,92
Daniel Martin,13
Daniel Doe,98
John Taylor,44
Emily Taylor,92
Emily White,55
Michael Brown,39
Emily Jackson,57
Jane Brown,17
Daniel Brown,78
Daniel Davis,14
Michael Martin,52
Jane White,22
William Smith,33
Ava Anderson,4
Emily Johnson,62
Michael Martin,30
Olivia Davis,41
Sophia Brown,28
Emily Taylor,31
Daniel Doe,5
Daniel Doe,51
Michael Johnson,85
Sophia Brown,38
Jane Taylor,8
William Martin,94
Bob Doe,2
Daniel White,64
Sophia Jackson,67
Emily Brown,100
Jane Doe,18
Olivia Martin,4
Jane Jackson,52
Bob Jackson,61
John Martin,99
Olivia Taylor,55
Michael Davis,80
Bob Anderson,84
John Anderson,84
Olivia Martin,93
Emily Martin,58
William White,67
Olivia Doe,51
William Martin,46
Bob Taylor,8
Olivia Jackson,6
Olivia Taylor,71
Michael Smith,41
John Johnson,82
Daniel Johnson,71
Olivia Anderson,3
Sophia Taylor,41
William Anderson,92
Olivia Martin,48
John White,33
Michael Brown,9
John Taylor,41
Bob Jackson,75
Sophia Taylor,15
Olivia Taylor,71
Daniel Davis,27
Michael Martin,63
Daniel Brown,10
Bob Davis,76
Olivia Martin,61
Olivia Doe,72
Daniel Brown,96
Daniel Davis,65
Sophia Smith,58
Sophia Davis,35
Olivia Jackson,4
Daniel Smith,99
Daniel Jackson,86
John Johnson,10
William Martin,71
John Johnson,4
Ava Martin,72
Ava Taylor,11
Ava Davis,86
Ava Johnson,5
Bob Jackson,99
Ava Taylor,52
Daniel Taylor,62
Ava Johnson,13
Michael Davis,45
Olivia White,18
Olivia Brown,75
Emily Smith,61
Ava Brown,49
Emily Doe,93
Bob Davis,13
Emily Jackson,3
Ava Anderson,38
Olivia Anderson,49
Sophia Brown,12
Jane Johnson,90
Olivia Doe,15
Emily White,52
Bob Anderson,62
Jane Martin,40
Olivia Johnson,1
John Smith,81
John Johnson,35
Ava Smith,35
Michael Jackson,93
Sophia Martin,65
Ava Johnson,54
Emily Brown,32
Emily Martin,6
William Smith,87
William Johnson,59
Ava Johnson,53
William Martin,36
John Johnson,79
Ava Jackson,25
Jane Johnson,52
Ava Johnson,67
Jane Brown,93
Olivia Jackson,58
Olivia Taylor,63
Michael Martin,74
Jane Johnson,20
Sophia Jackson,30
William Jackson,27
Bob Anderson,34
Emily White,63
Bob Johnson,19
Bob Smith,89
Daniel Davis,32
Daniel Johnson,22
Michael Martin,98
Bob Jackson,80
Olivia Taylor,95
Daniel Martin,83
Emily Jackson,26
Daniel Taylor,43
Jane Taylor,54
Michael Davis,40
Emily Jackson,62
Emily Martin,57
Daniel Martin,85
William Taylor,33
John Smith,62
Sophia Johnson,44
Olivia Taylor,88
Emily Anderson,68
Jane Johnson,92
John Anderson,95
Michael Davis,53
Daniel Jackson,28
John Doe,60
Emily Anderson,69
Ava Jackson,65
Sophia White,37
Olivia Davis,29
Daniel Anderson,40
Bob Doe,88
Bob Anderson,33
Emily Brown,94
Sophia Johnson,38
Ava Brown,1
Bob Taylor,59
Bob Taylor,18
Daniel Davis,39
Ava Anderson,28
Sophia Taylor,48
William Doe,87
Ava Doe,56
Sophia Anderson,86
Daniel Brown,23
John Smith,77
Michael White,71
Ava Smith,50
Ava Brown,67
Jane Jackson,23
William Anderson,13
John White,98
Emily Brown,68
William Davis,54
Michael Martin,99
Emily Jackson,52
Sophia Martin,80
Daniel Johnson,88
Jane Anderson,27
Jane Anderson,82
Ava Taylor,80
Daniel Brown,47
Ava Jackson,36
Ava Anderson,18
Jane Doe,95
Sophia Davis,13
Bob Taylor,35
Ava Doe,92
Sophia Doe,42
John Smith,30
Daniel Jackson,39
Sophia Jackson,23
Bob Jackson,31
John Martin,46
Emily Brown,8
Ava Doe,59
Emily Anderson,13
Sophia Smith,39
Jane Smith,26
William Brown,89
William Johnson,6
Bob Martin,47
Emily Davis,66
Bob Brown,69
Bob Jackson,41
William Brown,10
Emily Smith,48
Emily Doe,73
Sophia Johnson,75
Daniel Davis,100
Emily Doe,68
Olivia Jackson,35
William Davis,60
Emily Davis,22
Jane White,64
Emily Anderson,28
Sophia Jackson,70
Olivia Doe,64
Emily Taylor,59
John White,81
Emily Davis,4
John Brown,95
Daniel Taylor,3
Sophia Anderson,96
Daniel Doe,28
Bob Smith,17
Emily Martin,85
Daniel Johnson,64
Jane Doe,24
Michael Johnson,8
Sophia Smith,13
John Jackson,73
Daniel White,68
Olivia Martin,53
Michael Anderson,66
John Jackson,81
William Doe,68
Olivia Jackson,77
Olivia Davis,43
Michael Davis,24
William Martin,56
Sophia Brown,40
William Smith,76
Sophia Jackson,14
Bob Doe,75
Emily Anderson,95
John Jackson,79
Sophia Taylor,53
John Brown,93
Jane Anderson,24
Emily Davis,67
John Doe,40
Olivia Anderson,10
John Smith,31
Jane White,10
Sophia Anderson,87
Emily White,62
Jane Jackson,26
Ava Smith,70
Daniel Brown,82
Emily Martin,83
Michael Johnson,48
Bob Smith,56
Sophia Smith,70
William Jackson,38
Daniel Doe,69
William Anderson,67
Sophia Jackson,39
Bob Davis,76
Bob Taylor,79
Sophia White,97
Jane Doe,48
Bob Anderson,38
Sophia Johnson,20
Emily Davis,74
William Anderson,73
John White,11
Ava Johnson,79
Jane Jackson,46
Ava Brown,82
John Smith,51
Sophia Jackson,59
Michael Johnson,45
William Jackson,42
Jane Anderson,49
William Doe,7
Bob Brown,85
Olivia Davis,69
John Martin,92
Ava Martin,18
Michael Anderson,52
Jane Johnson,36
Daniel Smith,80
Emily White,36
Olivia Johnson,49
Michael Martin,72
Jane Martin,42
Olivia Taylor,30
Emily Brown,87
William Brown,23
Jane Jackson,40
Bob Jackson,25
Michael Anderson,56
Daniel Doe,82
Daniel Johnson,94
Jane White,21
Sophia White,1
Michael Davis,51
Bob Martin,28
Daniel Martin,97
Michael Jackson,9
Ava Johnson,98
John Taylor,62
Daniel Smith,25
John Anderson,10
Ava Anderson,50
Jane Smith,95
Jane Johnson,85
Daniel Johnson,17
Bob Martin,60
Emily Smith,25
John Brown,62
Daniel Jackson,82
Bob Martin,68
Daniel Smith,33
Sophia White,81
John Taylor,48
Bob Doe,2
Emily Martin,2
Ava Johnson,2
Michael Martin,8
Jane White,46
Sophia Smith,13
Ava Davis,73
Emily Smith,60
Daniel Jackson,86
John Taylor,30
William Johnson,34
Ava Johnson,83
Ava Doe,22
Jane Anderson,40
Bob Davis,89
Michael White,81
Emily Jackson,36
Bob Martin,93
Michael Taylor,55
Daniel Martin,33
Daniel Davis,73
Jane Brown,13
Ava Smith,94
John Anderson,47
Sophia White,63
Sophia Anderson,39
Jane Taylor,44
Emily White,61
Olivia Jackson,20
Michael Johnson,80
Bob Martin,5
Daniel Doe,8
Daniel Smith,45
Sophia Davis,22
Bob Anderson,28
John Doe,1
Sophia Anderson,64
Daniel White,19
Sophia White,60
Daniel Anderson,27
Jane Davis,71
Olivia Anderson,75
Jane Taylor,32
John Jackson,76
Jane Taylor,92
William White,6
Jane White,21
Ava Jackson,26
Emily Jackson,36
Emily Smith,15
Sophia Jackson,30
Ava Taylor,57
Emily Doe,23
